,OFFICIAL_SYMBOL_A,OFFICIAL_SYMBOL_B,ENSEMBL_A,ENSEMBL_B,PUBMED_ID,description_A,description_B
143,TGFBR1,TGFBR1,ENSMUSG00000007613,ENSMUSG00000007613,15761153,"TRANSFORMING GROWTH FACTOR, BETA RECEPTOR I","TRANSFORMING GROWTH FACTOR, BETA RECEPTOR I"
144,TGFBR1,BMPR2,ENSMUSG00000007613,ENSMUSG00000067336,15761153,"TRANSFORMING GROWTH FACTOR, BETA RECEPTOR I","BONE MORPHOGENETIC PROTEIN RECEPTOR, TYPE II (SERINE/THREONINE KINASE)"
587,LGALS3,LGALS3,ENSMUSG00000050335,ENSMUSG00000050335,14611647,"LECTIN, GALACTOSE BINDING, SOLUBLE 3","LECTIN, GALACTOSE BINDING, SOLUBLE 3"
623,TYROBP,CD200R1,ENSMUSG00000030579,ENSMUSG00000022667,12960329,TYRO PROTEIN TYROSINE KINASE BINDING PROTEIN,CD200 RECEPTOR 1
939,TNFRSF9,TNFRSF9,ENSMUSG00000028965,ENSMUSG00000028965,9045669,"TUMOR NECROSIS FACTOR RECEPTOR SUPERFAMILY, MEMBER 9","TUMOR NECROSIS FACTOR RECEPTOR SUPERFAMILY, MEMBER 9"
963,CD14,TLR4,ENSMUSG00000051439,ENSMUSG00000039005,12196527,CD14 ANTIGEN,TOLL-LIKE RECEPTOR 4
1544,THBS1,THBS1,ENSMUSG00000040152,ENSMUSG00000040152,1459996,THROMBOSPONDIN 1,THROMBOSPONDIN 1
1784,TNF,TNFRSF1A,ENSMUSG00000024401,ENSMUSG00000030341,18621737,TUMOR NECROSIS FACTOR,"TUMOR NECROSIS FACTOR RECEPTOR SUPERFAMILY, MEMBER 1A"
4288,CDH2,LRP6,ENSMUSG00000024304,ENSMUSG00000030201,19075000,CADHERIN 2,LOW DENSITY LIPOPROTEIN RECEPTOR-RELATED PROTEIN 6
4292,CDH2,WNT3A,ENSMUSG00000024304,ENSMUSG00000009900,19075000,CADHERIN 2,"WINGLESS-TYPE MMTV INTEGRATION SITE FAMILY, MEMBER 3A"
4320,LRP6,WNT1,ENSMUSG00000030201,ENSMUSG00000022997,16126904,LOW DENSITY LIPOPROTEIN RECEPTOR-RELATED PROTEIN 6,"WINGLESS-TYPE MMTV INTEGRATION SITE FAMILY, MEMBER 1"
4321,WNT1,LRP6,ENSMUSG00000022997,ENSMUSG00000030201,16126904,"WINGLESS-TYPE MMTV INTEGRATION SITE FAMILY, MEMBER 1",LOW DENSITY LIPOPROTEIN RECEPTOR-RELATED PROTEIN 6
4342,WNT7B,FZD1,ENSMUSG00000022382,ENSMUSG00000044674,15923619,"WINGLESS-TYPE MMTV INTEGRATION SITE FAMILY, MEMBER 7B",FRIZZLED CLASS RECEPTOR 1
4344,WNT7B,FZD10,ENSMUSG00000022382,ENSMUSG00000081683,15923619,"WINGLESS-TYPE MMTV INTEGRATION SITE FAMILY, MEMBER 7B",FRIZZLED CLASS RECEPTOR 10
4347,LRP6,WNT5A,ENSMUSG00000030201,ENSMUSG00000021994,19056682,LOW DENSITY LIPOPROTEIN RECEPTOR-RELATED PROTEIN 6,"WINGLESS-TYPE MMTV INTEGRATION SITE FAMILY, MEMBER 5A"
4348,WNT5A,LRP6,ENSMUSG00000021994,ENSMUSG00000030201,19056682,"WINGLESS-TYPE MMTV INTEGRATION SITE FAMILY, MEMBER 5A",LOW DENSITY LIPOPROTEIN RECEPTOR-RELATED PROTEIN 6
4351,SFRP4,WNT3A,ENSMUSG00000021319,ENSMUSG00000009900,17462603,SECRETED FRIZZLED-RELATED PROTEIN 4,"WINGLESS-TYPE MMTV INTEGRATION SITE FAMILY, MEMBER 3A"
4353,SFRP1,WNT3A,ENSMUSG00000031548,ENSMUSG00000009900,17462603,SECRETED FRIZZLED-RELATED PROTEIN 1,"WINGLESS-TYPE MMTV INTEGRATION SITE FAMILY, MEMBER 3A"
4539,WNT1,FZD1,ENSMUSG00000022997,ENSMUSG00000044674,15143170,"WINGLESS-TYPE MMTV INTEGRATION SITE FAMILY, MEMBER 1",FRIZZLED CLASS RECEPTOR 1
4542,WNT1,LRP6,ENSMUSG00000022997,ENSMUSG00000030201,15143170,"WINGLESS-TYPE MMTV INTEGRATION SITE FAMILY, MEMBER 1",LOW DENSITY LIPOPROTEIN RECEPTOR-RELATED PROTEIN 6
4576,CD276,TREML2,ENSMUSG00000035914,ENSMUSG00000071068,18650384,CD276 ANTIGEN,TRIGGERING RECEPTOR EXPRESSED ON MYELOID CELLS-LIKE 2
4977,ROR2,WNT5A,ENSMUSG00000021464,ENSMUSG00000021994,12839624,RECEPTOR TYROSINE KINASE-LIKE ORPHAN RECEPTOR 2,"WINGLESS-TYPE MMTV INTEGRATION SITE FAMILY, MEMBER 5A"
4979,ROR2,FZD5,ENSMUSG00000021464,ENSMUSG00000045005,12839624,RECEPTOR TYROSINE KINASE-LIKE ORPHAN RECEPTOR 2,FRIZZLED CLASS RECEPTOR 5
6073,BMPR1A,BMPR1A,ENSMUSG00000021796,ENSMUSG00000021796,20360068,"BONE MORPHOGENETIC PROTEIN RECEPTOR, TYPE 1A","BONE MORPHOGENETIC PROTEIN RECEPTOR, TYPE 1A"
6183,B4GALT1,B4GALT1,ENSMUSG00000028413,ENSMUSG00000028413,20360068,"UDP-GAL:BETAGLCNAC BETA 1,4- GALACTOSYLTRANSFERASE, POLYPEPTIDE 1","UDP-GAL:BETAGLCNAC BETA 1,4- GALACTOSYLTRANSFERASE, POLYPEPTIDE 1"
8426,CSF1R,CSF1R,ENSMUSG00000024621,ENSMUSG00000024621,21041311,COLONY STIMULATING FACTOR 1 RECEPTOR,COLONY STIMULATING FACTOR 1 RECEPTOR
8617,SLC34A1,HSP90AB1,ENSMUSG00000021490,ENSMUSG00000023944,11099500,"SOLUTE CARRIER FAMILY 34 (SODIUM PHOSPHATE), MEMBER 1","HEAT SHOCK PROTEIN 90 ALPHA (CYTOSOLIC), CLASS B MEMBER 1"
9273,WNT1,WNT3A,ENSMUSG00000022997,ENSMUSG00000009900,11877374,"WINGLESS-TYPE MMTV INTEGRATION SITE FAMILY, MEMBER 1","WINGLESS-TYPE MMTV INTEGRATION SITE FAMILY, MEMBER 3A"
10165,GRIN1,GRIN2A,ENSMUSG00000026959,ENSMUSG00000059003,10862698,"GLUTAMATE RECEPTOR, IONOTROPIC, NMDA1 (ZETA 1)","GLUTAMATE RECEPTOR, IONOTROPIC, NMDA2A (EPSILON 1)"
10166,GRIN1,GRIN2B,ENSMUSG00000026959,ENSMUSG00000030209,10862698,"GLUTAMATE RECEPTOR, IONOTROPIC, NMDA1 (ZETA 1)","GLUTAMATE RECEPTOR, IONOTROPIC, NMDA2B (EPSILON 2)"
10186,GRIN2B,GRIN1,ENSMUSG00000030209,ENSMUSG00000026959,10862698,"GLUTAMATE RECEPTOR, IONOTROPIC, NMDA2B (EPSILON 2)","GLUTAMATE RECEPTOR, IONOTROPIC, NMDA1 (ZETA 1)"
10187,GRIN2B,GRIN2A,ENSMUSG00000030209,ENSMUSG00000059003,10862698,"GLUTAMATE RECEPTOR, IONOTROPIC, NMDA2B (EPSILON 2)","GLUTAMATE RECEPTOR, IONOTROPIC, NMDA2A (EPSILON 1)"
10253,GRIN2B,RALA,ENSMUSG00000030209,ENSMUSG00000008859,10862698,"GLUTAMATE RECEPTOR, IONOTROPIC, NMDA2B (EPSILON 2)",V-RAL SIMIAN LEUKEMIA VIRAL ONCOGENE A (RAS RELATED)
10264,GRIN1,CDH2,ENSMUSG00000026959,ENSMUSG00000024304,10862698,"GLUTAMATE RECEPTOR, IONOTROPIC, NMDA1 (ZETA 1)",CADHERIN 2
10279,GRIN2B,CDH2,ENSMUSG00000030209,ENSMUSG00000024304,10862698,"GLUTAMATE RECEPTOR, IONOTROPIC, NMDA2B (EPSILON 2)",CADHERIN 2
10294,GRIN1,BSN,ENSMUSG00000026959,ENSMUSG00000032589,10862698,"GLUTAMATE RECEPTOR, IONOTROPIC, NMDA1 (ZETA 1)",BASSOON
10470,CAV1,FLOT1,ENSMUSG00000007655,ENSMUSG00000059714,12036959,"CAVEOLIN 1, CAVEOLAE PROTEIN",FLOTILLIN 1
10471,CAV1,INSR,ENSMUSG00000007655,ENSMUSG00000005534,12036959,"CAVEOLIN 1, CAVEOLAE PROTEIN",INSULIN RECEPTOR
11719,SPAM1,CLU,ENSMUSG00000029682,ENSMUSG00000022037,19357365,SPERM ADHESION MOLECULE 1,CLUSTERIN
11877,ITGB1,TLN1,ENSMUSG00000025809,ENSMUSG00000028465,21947080,INTEGRIN BETA 1 (FIBRONECTIN RECEPTOR BETA),TALIN 1
11878,ITGB1,FERMT2,ENSMUSG00000025809,ENSMUSG00000037712,21947080,INTEGRIN BETA 1 (FIBRONECTIN RECEPTOR BETA),FERMITIN FAMILY MEMBER 2
12049,MAP3K5,MBP,ENSMUSG00000071369,ENSMUSG00000041607,17331951,MITOGEN-ACTIVATED PROTEIN KINASE KINASE KINASE 5,MYELIN BASIC PROTEIN
12064,OCLN,TGFBR1,ENSMUSG00000021638,ENSMUSG00000007613,15761153,OCCLUDIN,"TRANSFORMING GROWTH FACTOR, BETA RECEPTOR I"
12120,PRNP,CLU,ENSMUSG00000079037,ENSMUSG00000022037,15146195,PRION PROTEIN,CLUSTERIN
12123,PRNP,L1CAM,ENSMUSG00000079037,ENSMUSG00000031391,15146195,PRION PROTEIN,L1 CELL ADHESION MOLECULE
12125,PRNP,P4HB,ENSMUSG00000079037,ENSMUSG00000025130,15146195,PRION PROTEIN,"PROLYL 4-HYDROXYLASE, BETA POLYPEPTIDE"
12127,PRNP,HSPA5,ENSMUSG00000079037,ENSMUSG00000026864,15146195,PRION PROTEIN,HEAT SHOCK PROTEIN 5
12132,PRNP,APP,ENSMUSG00000079037,ENSMUSG00000022892,15146195,PRION PROTEIN,AMYLOID BETA (A4) PRECURSOR PROTEIN
12138,PRNP,NCAM1,ENSMUSG00000079037,ENSMUSG00000039542,15146195,PRION PROTEIN,NEURAL CELL ADHESION MOLECULE 1
12172,PRNP,MBP,ENSMUSG00000079037,ENSMUSG00000041607,15146195,PRION PROTEIN,MYELIN BASIC PROTEIN
12210,LIPC,PDIA3,ENSMUSG00000032207,ENSMUSG00000027248,19136429,"LIPASE, HEPATIC",PROTEIN DISULFIDE ISOMERASE ASSOCIATED 3
12211,LIPC,HSPA5,ENSMUSG00000032207,ENSMUSG00000026864,19136429,"LIPASE, HEPATIC",HEAT SHOCK PROTEIN 5
12217,LIPC,CALR,ENSMUSG00000032207,ENSMUSG00000003814,19136429,"LIPASE, HEPATIC",CALRETICULIN
12237,VEGFA,CRYAB,ENSMUSG00000023951,ENSMUSG00000032060,20023214,VASCULAR ENDOTHELIAL GROWTH FACTOR A,"CRYSTALLIN, ALPHA B"
12322,CHRNA1,CHRNA1,ENSMUSG00000027107,ENSMUSG00000027107,22956146,"CHOLINERGIC RECEPTOR, NICOTINIC, ALPHA POLYPEPTIDE 1 (MUSCLE)","CHOLINERGIC RECEPTOR, NICOTINIC, ALPHA POLYPEPTIDE 1 (MUSCLE)"
12345,WNT1,LRP6,ENSMUSG00000022997,ENSMUSG00000030201,18505367,"WINGLESS-TYPE MMTV INTEGRATION SITE FAMILY, MEMBER 1",LOW DENSITY LIPOPROTEIN RECEPTOR-RELATED PROTEIN 6
12356,FZD4,WNT5A,ENSMUSG00000049791,ENSMUSG00000021994,16602827,FRIZZLED CLASS RECEPTOR 4,"WINGLESS-TYPE MMTV INTEGRATION SITE FAMILY, MEMBER 5A"
12357,ROR2,WNT5A,ENSMUSG00000021464,ENSMUSG00000021994,16602827,RECEPTOR TYROSINE KINASE-LIKE ORPHAN RECEPTOR 2,"WINGLESS-TYPE MMTV INTEGRATION SITE FAMILY, MEMBER 5A"
12359,SFRP1,FZD4,ENSMUSG00000031548,ENSMUSG00000049791,18156211,SECRETED FRIZZLED-RELATED PROTEIN 1,FRIZZLED CLASS RECEPTOR 4
12364,SFRP1,WNT5A,ENSMUSG00000031548,ENSMUSG00000021994,19300477,SECRETED FRIZZLED-RELATED PROTEIN 1,"WINGLESS-TYPE MMTV INTEGRATION SITE FAMILY, MEMBER 5A"
12710,AXL,TYRO3,ENSMUSG00000002602,ENSMUSG00000027298,18787040,AXL RECEPTOR TYROSINE KINASE,TYRO3 PROTEIN TYROSINE KINASE 3
12802,KLRK1,HCST,ENSMUSG00000030149,ENSMUSG00000064109,12426564,"KILLER CELL LECTIN-LIKE RECEPTOR SUBFAMILY K, MEMBER 1",HEMATOPOIETIC CELL SIGNAL TRANSDUCER
12803,KLRK1,TYROBP,ENSMUSG00000030149,ENSMUSG00000030579,12426564,"KILLER CELL LECTIN-LIKE RECEPTOR SUBFAMILY K, MEMBER 1",TYRO PROTEIN TYROSINE KINASE BINDING PROTEIN
12830,PSEN1,PSEN1,ENSMUSG00000019969,ENSMUSG00000019969,15474363,PRESENILIN 1,PRESENILIN 1
12924,ACVRL1,TGFBR1,ENSMUSG00000000530,ENSMUSG00000007613,14580334,"ACTIVIN A RECEPTOR, TYPE II-LIKE 1","TRANSFORMING GROWTH FACTOR, BETA RECEPTOR I"
12994,IGHM,HSPA5,MGI:MGI:96448|IMGT/GENE-DB:IGHM,ENSMUSG00000026864,14607830,IMMUNOGLOBULIN HEAVY CONSTANT MU,HEAT SHOCK PROTEIN 5
12996,HSPA5,IGHM,ENSMUSG00000026864,MGI:MGI:96448|IMGT/GENE-DB:IGHM,14607830,HEAT SHOCK PROTEIN 5,IMMUNOGLOBULIN HEAVY CONSTANT MU
13060,TRPM8,TRPM8,ENSMUSG00000036251,ENSMUSG00000036251,17015441,"TRANSIENT RECEPTOR POTENTIAL CATION CHANNEL, SUBFAMILY M, MEMBER 8","TRANSIENT RECEPTOR POTENTIAL CATION CHANNEL, SUBFAMILY M, MEMBER 8"
13309,ITGA6,ITGB1,ENSMUSG00000027111,ENSMUSG00000025809,1833411,INTEGRIN ALPHA 6,INTEGRIN BETA 1 (FIBRONECTIN RECEPTOR BETA)
13352,GRIN1,GRIN2A,ENSMUSG00000026959,ENSMUSG00000059003,9003035,"GLUTAMATE RECEPTOR, IONOTROPIC, NMDA1 (ZETA 1)","GLUTAMATE RECEPTOR, IONOTROPIC, NMDA2A (EPSILON 1)"
13353,GRIN1,GRIN2B,ENSMUSG00000026959,ENSMUSG00000030209,9003035,"GLUTAMATE RECEPTOR, IONOTROPIC, NMDA1 (ZETA 1)","GLUTAMATE RECEPTOR, IONOTROPIC, NMDA2B (EPSILON 2)"
13386,DMD,DAG1,ENSMUSG00000045103,ENSMUSG00000039952,22937058,"DYSTROPHIN, MUSCULAR DYSTROPHY",DYSTROGLYCAN 1
13400,DMD,CRYAB,ENSMUSG00000045103,ENSMUSG00000032060,22937058,"DYSTROPHIN, MUSCULAR DYSTROPHY","CRYSTALLIN, ALPHA B"
13843,PSEN1,NOTCH2,ENSMUSG00000019969,ENSMUSG00000027878,11518718,PRESENILIN 1,NOTCH 2
13845,PSEN1,NOTCH4,ENSMUSG00000019969,ENSMUSG00000015468,11518718,PRESENILIN 1,NOTCH 4
13852,HSP90AB1,NOD2,ENSMUSG00000023944,ENSMUSG00000055994,23019338,"HEAT SHOCK PROTEIN 90 ALPHA (CYTOSOLIC), CLASS B MEMBER 1",NUCLEOTIDE-BINDING OLIGOMERIZATION DOMAIN CONTAINING 2
14099,DMD,DAG1,ENSMUSG00000045103,ENSMUSG00000039952,10355629,"DYSTROPHIN, MUSCULAR DYSTROPHY",DYSTROGLYCAN 1
14135,SHH,HHIP,ENSMUSG00000002633,ENSMUSG00000064325,10050855,SONIC HEDGEHOG,HEDGEHOG-INTERACTING PROTEIN
14207,PKD1,PKD2L1,ENSMUSG00000032855,ENSMUSG00000037578,15548533,"POLYCYSTIN 1, TRANSIENT RECEPTOR POTEINTIAL CHANNEL INTERACTING",POLYCYSTIC KIDNEY DISEASE 2-LIKE 1
14210,CAV3,DMD,ENSMUSG00000062694,ENSMUSG00000045103,8663016,CAVEOLIN 3,"DYSTROPHIN, MUSCULAR DYSTROPHY"
14212,CAV3,DAG1,ENSMUSG00000062694,ENSMUSG00000039952,8663016,CAVEOLIN 3,DYSTROGLYCAN 1
14213,DMD,CAV3,ENSMUSG00000045103,ENSMUSG00000062694,8663016,"DYSTROPHIN, MUSCULAR DYSTROPHY",CAVEOLIN 3
14223,MAP3K5,MBP,ENSMUSG00000071369,ENSMUSG00000041607,10843682,MITOGEN-ACTIVATED PROTEIN KINASE KINASE KINASE 5,MYELIN BASIC PROTEIN
14259,TGFBR2,TGFBR1,ENSMUSG00000032440,ENSMUSG00000007613,12070302,"TRANSFORMING GROWTH FACTOR, BETA RECEPTOR II","TRANSFORMING GROWTH FACTOR, BETA RECEPTOR I"
14260,TGFBR2,TGFBR3,ENSMUSG00000032440,ENSMUSG00000029287,12070302,"TRANSFORMING GROWTH FACTOR, BETA RECEPTOR II","TRANSFORMING GROWTH FACTOR, BETA RECEPTOR III"
14261,TLR4,TLR4,ENSMUSG00000039005,ENSMUSG00000039005,21628003,TOLL-LIKE RECEPTOR 4,TOLL-LIKE RECEPTOR 4
14353,LGALS3,CUBN,ENSMUSG00000050335,ENSMUSG00000026726,11856751,"LECTIN, GALACTOSE BINDING, SOLUBLE 3",CUBILIN (INTRINSIC FACTOR-COBALAMIN RECEPTOR)
14377,SLC2A4,FLOT1,ENSMUSG00000018566,ENSMUSG00000059714,16455755,"SOLUTE CARRIER FAMILY 2 (FACILITATED GLUCOSE TRANSPORTER), MEMBER 4",FLOTILLIN 1
14379,CAV3,FLOT1,ENSMUSG00000062694,ENSMUSG00000059714,16455755,CAVEOLIN 3,FLOTILLIN 1
14380,INSR,FLOT1,ENSMUSG00000005534,ENSMUSG00000059714,16455755,INSULIN RECEPTOR,FLOTILLIN 1
14381,INSR,CAV3,ENSMUSG00000005534,ENSMUSG00000062694,16455755,INSULIN RECEPTOR,CAVEOLIN 3
14386,GRIA2,GRIA1,ENSMUSG00000033981,ENSMUSG00000020524,14687553,"GLUTAMATE RECEPTOR, IONOTROPIC, AMPA2 (ALPHA 2)","GLUTAMATE RECEPTOR, IONOTROPIC, AMPA1 (ALPHA 1)"
14502,GRIN1,GRIN2A,ENSMUSG00000026959,ENSMUSG00000059003,7929101,"GLUTAMATE RECEPTOR, IONOTROPIC, NMDA1 (ZETA 1)","GLUTAMATE RECEPTOR, IONOTROPIC, NMDA2A (EPSILON 1)"
14672,GRIN1,GRIN2A,ENSMUSG00000026959,ENSMUSG00000059003,16554481,"GLUTAMATE RECEPTOR, IONOTROPIC, NMDA1 (ZETA 1)","GLUTAMATE RECEPTOR, IONOTROPIC, NMDA2A (EPSILON 1)"
14673,GRIN1,GRIN2B,ENSMUSG00000026959,ENSMUSG00000030209,16554481,"GLUTAMATE RECEPTOR, IONOTROPIC, NMDA1 (ZETA 1)","GLUTAMATE RECEPTOR, IONOTROPIC, NMDA2B (EPSILON 2)"
14674,GRIN2A,GRIN1,ENSMUSG00000059003,ENSMUSG00000026959,16554481,"GLUTAMATE RECEPTOR, IONOTROPIC, NMDA2A (EPSILON 1)","GLUTAMATE RECEPTOR, IONOTROPIC, NMDA1 (ZETA 1)"
14675,GRIN2A,GRIN2B,ENSMUSG00000059003,ENSMUSG00000030209,16554481,"GLUTAMATE RECEPTOR, IONOTROPIC, NMDA2A (EPSILON 1)","GLUTAMATE RECEPTOR, IONOTROPIC, NMDA2B (EPSILON 2)"
14676,GRIN2B,GRIN1,ENSMUSG00000030209,ENSMUSG00000026959,16554481,"GLUTAMATE RECEPTOR, IONOTROPIC, NMDA2B (EPSILON 2)","GLUTAMATE RECEPTOR, IONOTROPIC, NMDA1 (ZETA 1)"
14677,GRIN2B,GRIN2A,ENSMUSG00000030209,ENSMUSG00000059003,16554481,"GLUTAMATE RECEPTOR, IONOTROPIC, NMDA2B (EPSILON 2)","GLUTAMATE RECEPTOR, IONOTROPIC, NMDA2A (EPSILON 1)"
14720,CAPN2,TLN1,ENSMUSG00000026509,ENSMUSG00000028465,14993287,CALPAIN 2,TALIN 1
16008,HSPA5,HSPA5,ENSMUSG00000026864,ENSMUSG00000026864,12475965,HEAT SHOCK PROTEIN 5,HEAT SHOCK PROTEIN 5
16009,HSPA5,PDIA4,ENSMUSG00000026864,ENSMUSG00000025823,12475965,HEAT SHOCK PROTEIN 5,PROTEIN DISULFIDE ISOMERASE ASSOCIATED 4
16010,HSPA5,ERP29,ENSMUSG00000026864,ENSMUSG00000029616,12475965,HEAT SHOCK PROTEIN 5,ENDOPLASMIC RETICULUM PROTEIN 29
16195,CFTR,HSPA5,ENSMUSG00000041301,ENSMUSG00000026864,17110338,CYSTIC FIBROSIS TRANSMEMBRANE CONDUCTANCE REGULATOR,HEAT SHOCK PROTEIN 5
16197,CFTR,HSP90AB1,ENSMUSG00000041301,ENSMUSG00000023944,17110338,CYSTIC FIBROSIS TRANSMEMBRANE CONDUCTANCE REGULATOR,"HEAT SHOCK PROTEIN 90 ALPHA (CYTOSOLIC), CLASS B MEMBER 1"
16264,APOA1,APOA1,ENSMUSG00000032083,ENSMUSG00000032083,11744719,APOLIPOPROTEIN A-I,APOLIPOPROTEIN A-I
16639,GRIN1,GRIN2A,ENSMUSG00000026959,ENSMUSG00000059003,14645471,"GLUTAMATE RECEPTOR, IONOTROPIC, NMDA1 (ZETA 1)","GLUTAMATE RECEPTOR, IONOTROPIC, NMDA2A (EPSILON 1)"
16640,GRIN1,GRIN2B,ENSMUSG00000026959,ENSMUSG00000030209,14645471,"GLUTAMATE RECEPTOR, IONOTROPIC, NMDA1 (ZETA 1)","GLUTAMATE RECEPTOR, IONOTROPIC, NMDA2B (EPSILON 2)"
16641,GRIN2B,GRIN2A,ENSMUSG00000030209,ENSMUSG00000059003,14645471,"GLUTAMATE RECEPTOR, IONOTROPIC, NMDA2B (EPSILON 2)","GLUTAMATE RECEPTOR, IONOTROPIC, NMDA2A (EPSILON 1)"
16642,GRIN2B,GRIN1,ENSMUSG00000030209,ENSMUSG00000026959,14645471,"GLUTAMATE RECEPTOR, IONOTROPIC, NMDA2B (EPSILON 2)","GLUTAMATE RECEPTOR, IONOTROPIC, NMDA1 (ZETA 1)"
16643,GRIN2A,GRIN2B,ENSMUSG00000059003,ENSMUSG00000030209,14645471,"GLUTAMATE RECEPTOR, IONOTROPIC, NMDA2A (EPSILON 1)","GLUTAMATE RECEPTOR, IONOTROPIC, NMDA2B (EPSILON 2)"
16644,GRIN2A,GRIN1,ENSMUSG00000059003,ENSMUSG00000026959,14645471,"GLUTAMATE RECEPTOR, IONOTROPIC, NMDA2A (EPSILON 1)","GLUTAMATE RECEPTOR, IONOTROPIC, NMDA1 (ZETA 1)"
16896,NGFR,NTRK1,ENSMUSG00000000120,ENSMUSG00000028072,16049186,"NERVE GROWTH FACTOR RECEPTOR (TNFR SUPERFAMILY, MEMBER 16)","NEUROTROPHIC TYROSINE KINASE, RECEPTOR, TYPE 1"
16926,PSEN1,GRIN1,ENSMUSG00000019969,ENSMUSG00000026959,15066262,PRESENILIN 1,"GLUTAMATE RECEPTOR, IONOTROPIC, NMDA1 (ZETA 1)"
16927,PSEN1,GRIN2A,ENSMUSG00000019969,ENSMUSG00000059003,15066262,PRESENILIN 1,"GLUTAMATE RECEPTOR, IONOTROPIC, NMDA2A (EPSILON 1)"
16942,GRIN1,GRIN2A,ENSMUSG00000026959,ENSMUSG00000059003,15663482,"GLUTAMATE RECEPTOR, IONOTROPIC, NMDA1 (ZETA 1)","GLUTAMATE RECEPTOR, IONOTROPIC, NMDA2A (EPSILON 1)"
16943,GRIN1,GRIN2B,ENSMUSG00000026959,ENSMUSG00000030209,15663482,"GLUTAMATE RECEPTOR, IONOTROPIC, NMDA1 (ZETA 1)","GLUTAMATE RECEPTOR, IONOTROPIC, NMDA2B (EPSILON 2)"
17008,FGFBP1,FGF10,ENSMUSG00000048373,ENSMUSG00000021732,15806171,FIBROBLAST GROWTH FACTOR BINDING PROTEIN 1,FIBROBLAST GROWTH FACTOR 10
17009,FGFBP1,FGF22,ENSMUSG00000048373,ENSMUSG00000020327,15806171,FIBROBLAST GROWTH FACTOR BINDING PROTEIN 1,FIBROBLAST GROWTH FACTOR 22
17054,PVR,PVR,ENSMUSG00000040511,ENSMUSG00000040511,12740392,POLIOVIRUS RECEPTOR,POLIOVIRUS RECEPTOR
17072,PTPRC,ITGB1,ENSMUSG00000026395,ENSMUSG00000025809,10906147,"PROTEIN TYROSINE PHOSPHATASE, RECEPTOR TYPE, C",INTEGRIN BETA 1 (FIBRONECTIN RECEPTOR BETA)
17073,PTPRC,ITGA6,ENSMUSG00000026395,ENSMUSG00000027111,10906147,"PROTEIN TYROSINE PHOSPHATASE, RECEPTOR TYPE, C",INTEGRIN ALPHA 6
17074,CDH17,ITGB1,ENSMUSG00000028217,ENSMUSG00000025809,10906147,CADHERIN 17,INTEGRIN BETA 1 (FIBRONECTIN RECEPTOR BETA)
17075,CDH17,ITGA6,ENSMUSG00000028217,ENSMUSG00000027111,10906147,CADHERIN 17,INTEGRIN ALPHA 6
17105,CAV1,TRPC4,ENSMUSG00000007655,ENSMUSG00000027748,17416589,"CAVEOLIN 1, CAVEOLAE PROTEIN","TRANSIENT RECEPTOR POTENTIAL CATION CHANNEL, SUBFAMILY C, MEMBER 4"
17319,GPC3,SHH,ENSMUSG00000055653,ENSMUSG00000002633,18477453,GLYPICAN 3,SONIC HEDGEHOG
17320,TDGF1,HSPA5,ENSMUSG00000032494,ENSMUSG00000026864,17991893,TERATOCARCINOMA-DERIVED GROWTH FACTOR 1,HEAT SHOCK PROTEIN 5
17382,ADIPOQ,CDH13,ENSMUSG00000022878,ENSMUSG00000031841,15210937,"ADIPONECTIN, C1Q AND COLLAGEN DOMAIN CONTAINING",CADHERIN 13
17428,HCST,KLRK1,ENSMUSG00000064109,ENSMUSG00000030149,12426565,HEMATOPOIETIC CELL SIGNAL TRANSDUCER,"KILLER CELL LECTIN-LIKE RECEPTOR SUBFAMILY K, MEMBER 1"
17429,TYROBP,KLRK1,ENSMUSG00000030579,ENSMUSG00000030149,12426565,TYRO PROTEIN TYROSINE KINASE BINDING PROTEIN,"KILLER CELL LECTIN-LIKE RECEPTOR SUBFAMILY K, MEMBER 1"
17430,KLRK1,HCST,ENSMUSG00000030149,ENSMUSG00000064109,12426565,"KILLER CELL LECTIN-LIKE RECEPTOR SUBFAMILY K, MEMBER 1",HEMATOPOIETIC CELL SIGNAL TRANSDUCER
17431,KLRK1,TYROBP,ENSMUSG00000030149,ENSMUSG00000030579,12426565,"KILLER CELL LECTIN-LIKE RECEPTOR SUBFAMILY K, MEMBER 1",TYRO PROTEIN TYROSINE KINASE BINDING PROTEIN
17432,HCST,TYROBP,ENSMUSG00000064109,ENSMUSG00000030579,12426565,HEMATOPOIETIC CELL SIGNAL TRANSDUCER,TYRO PROTEIN TYROSINE KINASE BINDING PROTEIN
17433,TYROBP,HCST,ENSMUSG00000030579,ENSMUSG00000064109,12426565,TYRO PROTEIN TYROSINE KINASE BINDING PROTEIN,HEMATOPOIETIC CELL SIGNAL TRANSDUCER
17557,CDH2,GRIN1,ENSMUSG00000024304,ENSMUSG00000026959,17589506,CADHERIN 2,"GLUTAMATE RECEPTOR, IONOTROPIC, NMDA1 (ZETA 1)"
17586,GRIA2,GRIA1,ENSMUSG00000033981,ENSMUSG00000020524,15883194,"GLUTAMATE RECEPTOR, IONOTROPIC, AMPA2 (ALPHA 2)","GLUTAMATE RECEPTOR, IONOTROPIC, AMPA1 (ALPHA 1)"
17587,GRIA2,CACNG2,ENSMUSG00000033981,ENSMUSG00000019146,15883194,"GLUTAMATE RECEPTOR, IONOTROPIC, AMPA2 (ALPHA 2)","CALCIUM CHANNEL, VOLTAGE-DEPENDENT, GAMMA SUBUNIT 2"
17588,CACNG2,GRIA1,ENSMUSG00000019146,ENSMUSG00000020524,15883194,"CALCIUM CHANNEL, VOLTAGE-DEPENDENT, GAMMA SUBUNIT 2","GLUTAMATE RECEPTOR, IONOTROPIC, AMPA1 (ALPHA 1)"
17590,GRIA2,HSPA5,ENSMUSG00000033981,ENSMUSG00000026864,15883194,"GLUTAMATE RECEPTOR, IONOTROPIC, AMPA2 (ALPHA 2)",HEAT SHOCK PROTEIN 5
17782,PHB2,PHB2,ENSMUSG00000004264,ENSMUSG00000004264,23665500,PROHIBITIN 2,PROHIBITIN 2
17832,NEO1,CDH2,ENSMUSG00000032340,ENSMUSG00000024304,15520228,NEOGENIN,CADHERIN 2
17886,GRIN2A,GRIN1,ENSMUSG00000059003,ENSMUSG00000026959,17018287,"GLUTAMATE RECEPTOR, IONOTROPIC, NMDA2A (EPSILON 1)","GLUTAMATE RECEPTOR, IONOTROPIC, NMDA1 (ZETA 1)"
17889,GRIA1,GRIN1,ENSMUSG00000020524,ENSMUSG00000026959,17018287,"GLUTAMATE RECEPTOR, IONOTROPIC, AMPA1 (ALPHA 1)","GLUTAMATE RECEPTOR, IONOTROPIC, NMDA1 (ZETA 1)"
17890,GRIA1,GRIN2A,ENSMUSG00000020524,ENSMUSG00000059003,17018287,"GLUTAMATE RECEPTOR, IONOTROPIC, AMPA1 (ALPHA 1)","GLUTAMATE RECEPTOR, IONOTROPIC, NMDA2A (EPSILON 1)"
18152,ADIPOQ,ADIPOQ,ENSMUSG00000022878,ENSMUSG00000022878,19855092,"ADIPONECTIN, C1Q AND COLLAGEN DOMAIN CONTAINING","ADIPONECTIN, C1Q AND COLLAGEN DOMAIN CONTAINING"
18384,HSP90AB1,HSP90AB1,ENSMUSG00000023944,ENSMUSG00000023944,22367781,"HEAT SHOCK PROTEIN 90 ALPHA (CYTOSOLIC), CLASS B MEMBER 1","HEAT SHOCK PROTEIN 90 ALPHA (CYTOSOLIC), CLASS B MEMBER 1"
18831,TNF,TNFRSF1A,ENSMUSG00000024401,ENSMUSG00000030341,24469399,TUMOR NECROSIS FACTOR,"TUMOR NECROSIS FACTOR RECEPTOR SUPERFAMILY, MEMBER 1A"
19040,DPP6,PRNP,ENSMUSG00000061576,ENSMUSG00000079037,24225951,DIPEPTIDYLPEPTIDASE 6,PRION PROTEIN
19042,DPP6,PRND,ENSMUSG00000061576,ENSMUSG00000027338,24225951,DIPEPTIDYLPEPTIDASE 6,PRION LIKE PROTEIN DOPPEL
19355,KCNMA1,HSPA2,ENSMUSG00000063142,ENSMUSG00000059970,19423573,"POTASSIUM LARGE CONDUCTANCE CALCIUM-ACTIVATED CHANNEL, SUBFAMILY M, ALPHA MEMBER 1",HEAT SHOCK PROTEIN 2
19360,KCNMA1,APOH,ENSMUSG00000063142,ENSMUSG00000000049,19423573,"POTASSIUM LARGE CONDUCTANCE CALCIUM-ACTIVATED CHANNEL, SUBFAMILY M, ALPHA MEMBER 1",APOLIPOPROTEIN H
19363,KCNMA1,HSPD1,ENSMUSG00000063142,ENSMUSG00000025980,19423573,"POTASSIUM LARGE CONDUCTANCE CALCIUM-ACTIVATED CHANNEL, SUBFAMILY M, ALPHA MEMBER 1",HEAT SHOCK PROTEIN 1 (CHAPERONIN)
19370,KCNMA1,HSPA5,ENSMUSG00000063142,ENSMUSG00000026864,19423573,"POTASSIUM LARGE CONDUCTANCE CALCIUM-ACTIVATED CHANNEL, SUBFAMILY M, ALPHA MEMBER 1",HEAT SHOCK PROTEIN 5
19378,KCNMA1,PDIA3,ENSMUSG00000063142,ENSMUSG00000027248,19423573,"POTASSIUM LARGE CONDUCTANCE CALCIUM-ACTIVATED CHANNEL, SUBFAMILY M, ALPHA MEMBER 1",PROTEIN DISULFIDE ISOMERASE ASSOCIATED 3
19379,KCNMA1,FGB,ENSMUSG00000063142,ENSMUSG00000033831,19423573,"POTASSIUM LARGE CONDUCTANCE CALCIUM-ACTIVATED CHANNEL, SUBFAMILY M, ALPHA MEMBER 1",FIBRINOGEN BETA CHAIN
19388,KCNMA1,LRPAP1,ENSMUSG00000063142,ENSMUSG00000029103,19423573,"POTASSIUM LARGE CONDUCTANCE CALCIUM-ACTIVATED CHANNEL, SUBFAMILY M, ALPHA MEMBER 1",LOW DENSITY LIPOPROTEIN RECEPTOR-RELATED PROTEIN ASSOCIATED PROTEIN 1
19409,KCNMA1,ANXA5,ENSMUSG00000063142,ENSMUSG00000027712,19423573,"POTASSIUM LARGE CONDUCTANCE CALCIUM-ACTIVATED CHANNEL, SUBFAMILY M, ALPHA MEMBER 1",ANNEXIN A5
19418,KCNMA1,APOA1,ENSMUSG00000063142,ENSMUSG00000032083,19423573,"POTASSIUM LARGE CONDUCTANCE CALCIUM-ACTIVATED CHANNEL, SUBFAMILY M, ALPHA MEMBER 1",APOLIPOPROTEIN A-I
19442,KCNMA1,CRYAB,ENSMUSG00000063142,ENSMUSG00000032060,19423573,"POTASSIUM LARGE CONDUCTANCE CALCIUM-ACTIVATED CHANNEL, SUBFAMILY M, ALPHA MEMBER 1","CRYSTALLIN, ALPHA B"
19445,KCNMA1,MBP,ENSMUSG00000063142,ENSMUSG00000041607,19423573,"POTASSIUM LARGE CONDUCTANCE CALCIUM-ACTIVATED CHANNEL, SUBFAMILY M, ALPHA MEMBER 1",MYELIN BASIC PROTEIN
19454,KCNMA1,CALR,ENSMUSG00000063142,ENSMUSG00000003814,19423573,"POTASSIUM LARGE CONDUCTANCE CALCIUM-ACTIVATED CHANNEL, SUBFAMILY M, ALPHA MEMBER 1",CALRETICULIN
19457,KCNMA1,SPARC,ENSMUSG00000063142,ENSMUSG00000018593,19423573,"POTASSIUM LARGE CONDUCTANCE CALCIUM-ACTIVATED CHANNEL, SUBFAMILY M, ALPHA MEMBER 1",SECRETED ACIDIC CYSTEINE RICH GLYCOPROTEIN
19492,KCNMA1,LGALS1,ENSMUSG00000063142,ENSMUSG00000068220,19423573,"POTASSIUM LARGE CONDUCTANCE CALCIUM-ACTIVATED CHANNEL, SUBFAMILY M, ALPHA MEMBER 1","LECTIN, GALACTOSE BINDING, SOLUBLE 1"
19670,KCNC1,KCNC1,ENSMUSG00000058975,ENSMUSG00000058975,12091563,"POTASSIUM VOLTAGE GATED CHANNEL, SHAW-RELATED SUBFAMILY, MEMBER 1","POTASSIUM VOLTAGE GATED CHANNEL, SHAW-RELATED SUBFAMILY, MEMBER 1"
21728,ITGA3,ITGB4,ENSMUSG00000001507,ENSMUSG00000020758,25808491,INTEGRIN ALPHA 3,INTEGRIN BETA 4
21729,ITGA3,ITGB1,ENSMUSG00000001507,ENSMUSG00000025809,25808491,INTEGRIN ALPHA 3,INTEGRIN BETA 1 (FIBRONECTIN RECEPTOR BETA)
21730,ITGB1,ITGA3,ENSMUSG00000025809,ENSMUSG00000001507,25808491,INTEGRIN BETA 1 (FIBRONECTIN RECEPTOR BETA),INTEGRIN ALPHA 3
21733,ITGB1,FERMT2,ENSMUSG00000025809,ENSMUSG00000037712,25808491,INTEGRIN BETA 1 (FIBRONECTIN RECEPTOR BETA),FERMITIN FAMILY MEMBER 2
22119,VLDLR,CLU,ENSMUSG00000024924,ENSMUSG00000022037,12824284,VERY LOW DENSITY LIPOPROTEIN RECEPTOR,CLUSTERIN
22771,BMPR1A,ANXA1,ENSMUSG00000021796,ENSMUSG00000024659,26496610,"BONE MORPHOGENETIC PROTEIN RECEPTOR, TYPE 1A",ANNEXIN A1
23000,BMPR1A,BST2,ENSMUSG00000021796,ENSMUSG00000046718,26496610,"BONE MORPHOGENETIC PROTEIN RECEPTOR, TYPE 1A",BONE MARROW STROMAL CELL ANTIGEN 2
23214,BMPR1A,CD44,ENSMUSG00000021796,ENSMUSG00000005087,26496610,"BONE MORPHOGENETIC PROTEIN RECEPTOR, TYPE 1A",CD44 ANTIGEN
23215,FLOT1,CD44,ENSMUSG00000059714,ENSMUSG00000005087,26496610,FLOTILLIN 1,CD44 ANTIGEN
23523,BMPR1A,CPM,ENSMUSG00000021796,ENSMUSG00000020183,26496610,"BONE MORPHOGENETIC PROTEIN RECEPTOR, TYPE 1A",CARBOXYPEPTIDASE M
23601,MSN,CTSZ,ENSMUSG00000031207,ENSMUSG00000016256,26496610,MOESIN,CATHEPSIN Z
23775,BMPR1A,DSG2,ENSMUSG00000021796,ENSMUSG00000044393,26496610,"BONE MORPHOGENETIC PROTEIN RECEPTOR, TYPE 1A",DESMOGLEIN 2
23776,FLOT1,DSG2,ENSMUSG00000059714,ENSMUSG00000044393,26496610,FLOTILLIN 1,DESMOGLEIN 2
23822,BMPR1A,EGFR,ENSMUSG00000021796,ENSMUSG00000020122,26496610,"BONE MORPHOGENETIC PROTEIN RECEPTOR, TYPE 1A",EPIDERMAL GROWTH FACTOR RECEPTOR
24193,INSR,PDIA3,ENSMUSG00000005534,ENSMUSG00000027248,26496610,INSULIN RECEPTOR,PROTEIN DISULFIDE ISOMERASE ASSOCIATED 3
24194,ITGB1,PDIA3,ENSMUSG00000025809,ENSMUSG00000027248,26496610,INTEGRIN BETA 1 (FIBRONECTIN RECEPTOR BETA),PROTEIN DISULFIDE ISOMERASE ASSOCIATED 3
24197,TGFBR1,PDIA3,ENSMUSG00000007613,ENSMUSG00000027248,26496610,"TRANSFORMING GROWTH FACTOR, BETA RECEPTOR I",PROTEIN DISULFIDE ISOMERASE ASSOCIATED 3
24403,BMPR1A,HSP90AB1,ENSMUSG00000021796,ENSMUSG00000023944,26496610,"BONE MORPHOGENETIC PROTEIN RECEPTOR, TYPE 1A","HEAT SHOCK PROTEIN 90 ALPHA (CYTOSOLIC), CLASS B MEMBER 1"
24453,ITGB1,IGF2R,ENSMUSG00000025809,ENSMUSG00000023830,26496610,INTEGRIN BETA 1 (FIBRONECTIN RECEPTOR BETA),INSULIN-LIKE GROWTH FACTOR 2 RECEPTOR
24497,ITGB1,ITGA6,ENSMUSG00000025809,ENSMUSG00000027111,26496610,INTEGRIN BETA 1 (FIBRONECTIN RECEPTOR BETA),INTEGRIN ALPHA 6
24500,ITGB1,ITGA1,ENSMUSG00000025809,ENSMUSG00000042284,26496610,INTEGRIN BETA 1 (FIBRONECTIN RECEPTOR BETA),INTEGRIN ALPHA 1
24506,ITGB1,ITGA2,ENSMUSG00000025809,ENSMUSG00000015533,26496610,INTEGRIN BETA 1 (FIBRONECTIN RECEPTOR BETA),INTEGRIN ALPHA 2
24510,ITGB1,ITGA3,ENSMUSG00000025809,ENSMUSG00000001507,26496610,INTEGRIN BETA 1 (FIBRONECTIN RECEPTOR BETA),INTEGRIN ALPHA 3
24511,ITGB1,ITGA5,ENSMUSG00000025809,ENSMUSG00000000555,26496610,INTEGRIN BETA 1 (FIBRONECTIN RECEPTOR BETA),INTEGRIN ALPHA 5 (FIBRONECTIN RECEPTOR ALPHA)
24512,ITGB1,ITGAV,ENSMUSG00000025809,ENSMUSG00000027087,26496610,INTEGRIN BETA 1 (FIBRONECTIN RECEPTOR BETA),INTEGRIN ALPHA V
24514,ITGA5,ITGB1,ENSMUSG00000000555,ENSMUSG00000025809,26496610,INTEGRIN ALPHA 5 (FIBRONECTIN RECEPTOR ALPHA),INTEGRIN BETA 1 (FIBRONECTIN RECEPTOR BETA)
24711,FLOT1,LMO7,ENSMUSG00000059714,ENSMUSG00000033060,26496610,FLOTILLIN 1,LIM DOMAIN ONLY 7
25131,BMPR1A,NOTCH2,ENSMUSG00000021796,ENSMUSG00000027878,26496610,"BONE MORPHOGENETIC PROTEIN RECEPTOR, TYPE 1A",NOTCH 2
25365,BMPR1A,PHB,ENSMUSG00000021796,ENSMUSG00000038845,26496610,"BONE MORPHOGENETIC PROTEIN RECEPTOR, TYPE 1A",PROHIBITIN
25366,C1QBP,PHB,ENSMUSG00000018446,ENSMUSG00000038845,26496610,"COMPLEMENT COMPONENT 1, Q SUBCOMPONENT BINDING PROTEIN",PROHIBITIN
26867,BMPR1A,TFRC,ENSMUSG00000021796,ENSMUSG00000022797,26496610,"BONE MORPHOGENETIC PROTEIN RECEPTOR, TYPE 1A",TRANSFERRIN RECEPTOR
26868,FLOT1,TFRC,ENSMUSG00000059714,ENSMUSG00000022797,26496610,FLOTILLIN 1,TRANSFERRIN RECEPTOR
27522,ITGB1,FZD6,ENSMUSG00000025809,ENSMUSG00000022297,26496610,INTEGRIN BETA 1 (FIBRONECTIN RECEPTOR BETA),FRIZZLED CLASS RECEPTOR 6
27868,BMPR1A,TNFRSF10B,ENSMUSG00000021796,ENSMUSG00000022074,26496610,"BONE MORPHOGENETIC PROTEIN RECEPTOR, TYPE 1A","TUMOR NECROSIS FACTOR RECEPTOR SUPERFAMILY, MEMBER 10B"
28459,BMPR1A,PDIA4,ENSMUSG00000021796,ENSMUSG00000025823,26496610,"BONE MORPHOGENETIC PROTEIN RECEPTOR, TYPE 1A",PROTEIN DISULFIDE ISOMERASE ASSOCIATED 4
29193,BMPR1A,FLOT1,ENSMUSG00000021796,ENSMUSG00000059714,26496610,"BONE MORPHOGENETIC PROTEIN RECEPTOR, TYPE 1A",FLOTILLIN 1
29194,C1QBP,FLOT1,ENSMUSG00000018446,ENSMUSG00000059714,26496610,"COMPLEMENT COMPONENT 1, Q SUBCOMPONENT BINDING PROTEIN",FLOTILLIN 1
30163,C1QBP,PHB2,ENSMUSG00000018446,ENSMUSG00000004264,26496610,"COMPLEMENT COMPONENT 1, Q SUBCOMPONENT BINDING PROTEIN",PROHIBITIN 2
35567,BMPR1A,CD109,ENSMUSG00000021796,ENSMUSG00000046186,26496610,"BONE MORPHOGENETIC PROTEIN RECEPTOR, TYPE 1A",CD109 ANTIGEN
36130,FLOT1,MYO18A,ENSMUSG00000059714,ENSMUSG00000000631,26496610,FLOTILLIN 1,MYOSIN XVIIIA
36131,ITGA5,MYO18A,ENSMUSG00000000555,ENSMUSG00000000631,26496610,INTEGRIN ALPHA 5 (FIBRONECTIN RECEPTOR ALPHA),MYOSIN XVIIIA
36268,BMPR1A,HLA-A,ENSMUSG00000021796,,26496610,"BONE MORPHOGENETIC PROTEIN RECEPTOR, TYPE 1A",
36269,BMPR1A,HLA-C,ENSMUSG00000021796,,26496610,"BONE MORPHOGENETIC PROTEIN RECEPTOR, TYPE 1A",
36272,TGFBR1,HLA-C,ENSMUSG00000007613,,26496610,"TRANSFORMING GROWTH FACTOR, BETA RECEPTOR I",
37338,OSMR,EGFR,ENSMUSG00000022146,ENSMUSG00000020122,27110918,ONCOSTATIN M RECEPTOR,EPIDERMAL GROWTH FACTOR RECEPTOR
37496,LIPG,LIPG,ENSMUSG00000053846,ENSMUSG00000053846,15117821,"LIPASE, ENDOTHELIAL","LIPASE, ENDOTHELIAL"
38077,EGFR,EGFR,ENSMUSG00000020122,ENSMUSG00000020122,20676128,EPIDERMAL GROWTH FACTOR RECEPTOR,EPIDERMAL GROWTH FACTOR RECEPTOR
38408,KDR,APP,ENSMUSG00000062960,ENSMUSG00000022892,19818105,KINASE INSERT DOMAIN PROTEIN RECEPTOR,AMYLOID BETA (A4) PRECURSOR PROTEIN
38506,PSEN1,CDH2,ENSMUSG00000019969,ENSMUSG00000024304,20696212,PRESENILIN 1,CADHERIN 2
40485,HCN1,ASIC1,ENSMUSG00000021730,ENSMUSG00000023017,28671696,HYPERPOLARIZATION ACTIVATED CYCLIC NUCLEOTIDE GATED POTASSIUM CHANNEL 1,ACID-SENSING (PROTON-GATED) ION CHANNEL 1
40486,HCN1,BSN,ENSMUSG00000021730,ENSMUSG00000032589,28671696,HYPERPOLARIZATION ACTIVATED CYCLIC NUCLEOTIDE GATED POTASSIUM CHANNEL 1,BASSOON
40521,HCN1,TNS1,ENSMUSG00000021730,ENSMUSG00000055322,28671696,HYPERPOLARIZATION ACTIVATED CYCLIC NUCLEOTIDE GATED POTASSIUM CHANNEL 1,TENSIN 1
43171,LPAR1,CD14,ENSMUSG00000038668,ENSMUSG00000051439,27448760,LYSOPHOSPHATIDIC ACID RECEPTOR 1,CD14 ANTIGEN
43420,PDGFRB,PDGFRB,ENSMUSG00000024620,ENSMUSG00000024620,18505839,"PLATELET DERIVED GROWTH FACTOR RECEPTOR, BETA POLYPEPTIDE","PLATELET DERIVED GROWTH FACTOR RECEPTOR, BETA POLYPEPTIDE"
43617,EGFR,EGFR,ENSMUSG00000020122,ENSMUSG00000020122,2915986,EPIDERMAL GROWTH FACTOR RECEPTOR,EPIDERMAL GROWTH FACTOR RECEPTOR
44352,EPOR,EPO,ENSMUSG00000006235,ENSMUSG00000029711,7505116,ERYTHROPOIETIN RECEPTOR,ERYTHROPOIETIN
44488,TNFRSF1A,TNF,ENSMUSG00000030341,ENSMUSG00000024401,11448951,"TUMOR NECROSIS FACTOR RECEPTOR SUPERFAMILY, MEMBER 1A",TUMOR NECROSIS FACTOR
44957,CFC1,BMP2,ENSMUSG00000026124,ENSMUSG00000027358,28126904,"CRIPTO, FRL-1, CRYPTIC FAMILY 1",BONE MORPHOGENETIC PROTEIN 2
45902,TNF,TNFRSF1A,ENSMUSG00000024401,ENSMUSG00000030341,29891719,TUMOR NECROSIS FACTOR,"TUMOR NECROSIS FACTOR RECEPTOR SUPERFAMILY, MEMBER 1A"
45972,SIRPA,CD47,ENSMUSG00000037902,ENSMUSG00000055447,18045614,SIGNAL-REGULATORY PROTEIN ALPHA,"CD47 ANTIGEN (RH-RELATED ANTIGEN, INTEGRIN-ASSOCIATED SIGNAL TRANSDUCER)"
45973,SIRPA,SIRPA,ENSMUSG00000037902,ENSMUSG00000037902,18045614,SIGNAL-REGULATORY PROTEIN ALPHA,SIGNAL-REGULATORY PROTEIN ALPHA
46001,SDC1,ITGB4,ENSMUSG00000020592,ENSMUSG00000020758,25202019,SYNDECAN 1,INTEGRIN BETA 4
46002,SDC4,ITGB4,ENSMUSG00000017009,ENSMUSG00000020758,25202019,SYNDECAN 4,INTEGRIN BETA 4
46006,ITGB4,EGFR,ENSMUSG00000020758,ENSMUSG00000020122,25202019,INTEGRIN BETA 4,EPIDERMAL GROWTH FACTOR RECEPTOR
46008,KDR,ITGB1,ENSMUSG00000062960,ENSMUSG00000025809,28973887,KINASE INSERT DOMAIN PROTEIN RECEPTOR,INTEGRIN BETA 1 (FIBRONECTIN RECEPTOR BETA)
46009,KDR,MET,ENSMUSG00000062960,ENSMUSG00000009376,28973887,KINASE INSERT DOMAIN PROTEIN RECEPTOR,MET PROTO-ONCOGENE
46010,ITGB1,MET,ENSMUSG00000025809,ENSMUSG00000009376,28973887,INTEGRIN BETA 1 (FIBRONECTIN RECEPTOR BETA),MET PROTO-ONCOGENE
46593,APMAP,LAMP1,ENSMUSG00000033096,ENSMUSG00000031447,30704515,ADIPOCYTE PLASMA MEMBRANE ASSOCIATED PROTEIN,LYSOSOMAL-ASSOCIATED MEMBRANE PROTEIN 1
46595,APMAP,PTGFRN,ENSMUSG00000033096,ENSMUSG00000027864,30704515,ADIPOCYTE PLASMA MEMBRANE ASSOCIATED PROTEIN,PROSTAGLANDIN F2 RECEPTOR NEGATIVE REGULATOR
46596,APMAP,IGF2R,ENSMUSG00000033096,ENSMUSG00000023830,30704515,ADIPOCYTE PLASMA MEMBRANE ASSOCIATED PROTEIN,INSULIN-LIKE GROWTH FACTOR 2 RECEPTOR
46597,APMAP,CLU,ENSMUSG00000033096,ENSMUSG00000022037,30704515,ADIPOCYTE PLASMA MEMBRANE ASSOCIATED PROTEIN,CLUSTERIN
46746,TNF,TNFRSF1A,ENSMUSG00000024401,ENSMUSG00000030341,29203883,TUMOR NECROSIS FACTOR,"TUMOR NECROSIS FACTOR RECEPTOR SUPERFAMILY, MEMBER 1A"
